{
    "timestamp": 1774989989.011964,
    "status": "success",
    "config": {
        "batch_size": 64,
        "num_epochs": 10,
        "learning_rate": 0.0001,
        "seed": 42,
        "num_workers": 4
    },
    "environment": {
        "platform": "Linux-6.14.0-29-generic-x86_64-with-glibc2.39",
        "python_version": "3.10.19 (main, Oct 21 2025, 16:43:05) [GCC 11.2.0]",
        "torch_version": "2.2.1+cu121",
        "device": "cuda",
        "cuda_available": true,
        "gpu_name": "NVIDIA GeForce RTX 2080 Ti"
    },
    "model_info": {
        "total_parameters": 531178,
        "trainable_parameters": 531178
    },
    "test_metrics": {
        "accuracy": 0.9815000295639038,
        "precision_macro": 0.9815787992495604,
        "recall_macro": 0.981237816885107,
        "f1_macro": 0.9813750994499573,
        "top5_accuracy": 0.9998333333333334
    },
    "global_summary": {
        "train_loss": {
            "min": 0.0866986204876254,
            "max": 0.5947297957241535,
            "mean": 0.1838630724588409,
            "std": 0.14575879411823978,
            "first": 0.5947297957241535,
            "last": 0.0866986204876254,
            "total_reduction": 0.5080311752365281,
            "reduction_pct": 85.42
        },
        "val_loss": {
            "min": 0.05793376047377217,
            "max": 0.24754305540564212,
            "mean": 0.10395630217588289,
            "std": 0.055746208722031995,
            "first": 0.24754305540564212,
            "last": 0.05793376047377217
        },
        "train_accuracy": {
            "min": 0.820125,
            "max": 0.9729375,
            "mean": 0.94395625,
            "std": 0.043952665955753534,
            "first": 0.820125,
            "last": 0.9729375
        },
        "val_accuracy": {
            "min": 0.9286666666666666,
            "max": 0.982,
            "mean": 0.9681833333333332,
            "std": 0.015629645975943716,
            "first": 0.9286666666666666,
            "last": 0.982
        },
        "gradient_norms": {
            "total_norm_min": 0.9865002553783139,
            "total_norm_max": 0.9999997757593684,
            "total_norm_mean": 0.9986496876270522,
            "total_norm_std": 0.004049810750935348,
            "per_param_mean_min": 0.19330924761015922,
            "per_param_mean_max": 0.20978477381868288,
            "per_param_max_min": 0.6948512196540833,
            "per_param_max_max": 0.8099484443664551
        },
        "timing": {
            "total_training_time_sec": 182.231,
            "epoch_time_min": 13.777,
            "epoch_time_max": 21.081,
            "epoch_time_mean": 15.048,
            "epoch_time_std": 2.088
        },
        "system_utilization": {
            "cpu_percent_min": 72.1,
            "cpu_percent_max": 92.0,
            "cpu_percent_mean": 87.19,
            "cpu_mem_mb_min": 840.34375,
            "cpu_mem_mb_max": 980.078125,
            "cpu_mem_mb_mean": 890.39,
            "gpu_mem_allocated_mb_min": 25.4931640625,
            "gpu_mem_allocated_mb_max": 25.4931640625,
            "gpu_mem_allocated_mb_mean": 25.49
        },
        "iteration_speed": {
            "min": 35.58,
            "max": 54.44,
            "mean": 50.58
        },
        "epochs_completed": 10,
        "nan_epochs": 0
    },
    "training_performance": {
        "total_training_time_sec": 182.231,
        "avg_time_per_epoch_sec": 15.048,
        "min_epoch_time_sec": 13.777,
        "max_epoch_time_sec": 21.081,
        "avg_iteration_speed": 50.58
    },
    "training_stability": {
        "total_nan_events": 0,
        "nan_free_training": true,
        "convergence": {
            "final_train_loss": 0.0866986204876254,
            "final_val_loss": 0.05793376047377217,
            "best_val_loss": 0.05793376047377217,
            "best_val_loss_epoch": 10,
            "loss_decreased_monotonically": true,
            "overfit_detected": false,
            "final_loss_delta": 0.00617917121201754
        },
        "nan_crash_log": "none"
    },
    "epoch_history": [
        {
            "epoch": 1,
            "train_loss": 0.5947297957241535,
            "train_accuracy": 0.820125,
            "val_loss": 0.24754305540564212,
            "val_accuracy": 0.9286666666666666,
            "epoch_time_sec": 21.081,
            "iteration_speed": 35.58,
            "nan_detected": false,
            "grad_norm_mean": 0.20182028465205804,
            "grad_norm_max": 0.7886632680892944,
            "grad_norm_min": 0.0060376012697815895,
            "grad_norm_total": 0.9999997570192012,
            "cpu_percent": 72.1,
            "cpu_mem_mb": 980.078125,
            "gpu_name": "NVIDIA GeForce RTX 2080 Ti",
            "gpu_mem_allocated_mb": 25.4931640625,
            "gpu_mem_reserved_mb": 44.0,
            "gpu_max_mem_allocated_mb": 38.6220703125
        },
        {
            "epoch": 2,
            "train_loss": 0.2591630837023258,
            "train_accuracy": 0.9204166666666667,
            "val_loss": 0.15592915755003056,
            "val_accuracy": 0.9525,
            "epoch_time_sec": 14.332,
            "iteration_speed": 52.33,
            "nan_detected": false,
            "grad_norm_mean": 0.20152690703980625,
            "grad_norm_max": 0.7870758771896362,
            "grad_norm_min": 0.005613484885543585,
            "grad_norm_total": 0.9999997757593684,
            "cpu_percent": 88.4,
            "cpu_mem_mb": 949.8671875,
            "gpu_name": "NVIDIA GeForce RTX 2080 Ti",
            "gpu_mem_allocated_mb": 25.4931640625,
            "gpu_mem_reserved_mb": 44.0,
            "gpu_max_mem_allocated_mb": 38.62255859375
        },
        {
            "epoch": 3,
            "train_loss": 0.18902331494291624,
            "train_accuracy": 0.9435833333333333,
            "val_loss": 0.11983487489534185,
            "val_accuracy": 0.9641666666666666,
            "epoch_time_sec": 14.387,
            "iteration_speed": 52.13,
            "nan_detected": false,
            "grad_norm_mean": 0.19870439975056797,
            "grad_norm_max": 0.7085235118865967,
            "grad_norm_min": 0.004302230663597584,
            "grad_norm_total": 0.9999996385195945,
            "cpu_percent": 88.0,
            "cpu_mem_mb": 950.01171875,
            "gpu_name": "NVIDIA GeForce RTX 2080 Ti",
            "gpu_mem_allocated_mb": 25.4931640625,
            "gpu_mem_reserved_mb": 44.0,
            "gpu_max_mem_allocated_mb": 38.62255859375
        },
        {
            "epoch": 4,
            "train_loss": 0.15343766647577287,
            "train_accuracy": 0.9532083333333333,
            "val_loss": 0.09643225690865136,
            "val_accuracy": 0.969,
            "epoch_time_sec": 14.002,
            "iteration_speed": 53.56,
            "nan_detected": false,
            "grad_norm_mean": 0.20055483622127213,
            "grad_norm_max": 0.7583033442497253,
            "grad_norm_min": 0.0037991495337337255,
            "grad_norm_total": 0.9999995801961005,
            "cpu_percent": 88.3,
            "cpu_mem_mb": 926.19140625,
            "gpu_name": "NVIDIA GeForce RTX 2080 Ti",
            "gpu_mem_allocated_mb": 25.4931640625,
            "gpu_mem_reserved_mb": 44.0,
            "gpu_max_mem_allocated_mb": 38.62255859375
        },
        {
            "epoch": 5,
            "train_loss": 0.13537333058565856,
            "train_accuracy": 0.9584583333333333,
            "val_loss": 0.08414916226521452,
            "val_accuracy": 0.9735,
            "epoch_time_sec": 15.963,
            "iteration_speed": 46.98,
            "nan_detected": false,
            "grad_norm_mean": 0.19887653522891924,
            "grad_norm_max": 0.8099484443664551,
            "grad_norm_min": 0.002857993356883526,
            "grad_norm_total": 0.9999997459708555,
            "cpu_percent": 92.0,
            "cpu_mem_mb": 895.2578125,
            "gpu_name": "NVIDIA GeForce RTX 2080 Ti",