{
    "timestamp": 1774991255.4151995,
    "status": "success",
    "config": {
        "d_model": 256,
        "nhead": 8,
        "num_layers": 4,
        "dim_feedforward": 1024,
        "num_classes": 4,
        "max_seq_len": 256,
        "batch_size": 8,
        "num_epochs": 5,
        "lr": 0.01,
        "warmup_steps": 1000,
        "weight_decay": 5e-05,
        "seed": 42
    },
    "environment": {
        "platform": "Linux-6.14.0-29-generic-x86_64-with-glibc2.39",
        "python_version": "3.12.13 | packaged by Anaconda, Inc. | (main, Mar 19 2026, 20:20:58) [GCC 14.3.0]",
        "torch_version": "2.11.0+cu130",
        "device": "cuda",
        "cuda_available": true,
        "gpu_name": "NVIDIA GeForce RTX 2080 Ti"
    },
    "model_info": {
        "total_parameters": 10649092,
        "trainable_parameters": 10649092
    },
    "test_metrics": {
        "accuracy": 0.7906,
        "precision_macro": 0.7947583929244053,
        "recall_macro": 0.7905207638752547,
        "f1_macro": 0.7908653261597538
    },
    "global_summary": {
        "train_loss": {
            "min": 0.5480862289470434,
            "max": 1.0143481917476653,
            "mean": 0.7072849894239901,
            "std": 0.16615406731503551,
            "first": 1.0143481917476653,
            "last": 0.5480862289470434,
            "total_reduction": 0.46626196280062193,
            "reduction_pct": 45.97
        },
        "val_loss": {
            "min": 0.5625210186064243,
            "max": 0.8139109817028045,
            "mean": 0.6528128440487385,
            "std": 0.08891799589575043,
            "first": 0.8139109817028045,
            "last": 0.5625210186064243
        },
        "train_accuracy": {
            "min": 0.56166,
            "max": 0.7969,
            "mean": 0.7213800000000001,
            "std": 0.08451980596286292,
            "first": 0.56166,
            "last": 0.7969
        },
        "val_accuracy": {
            "min": 0.6826,
            "max": 0.7906,
            "mean": 0.75356,
            "std": 0.03855186636208421,
            "first": 0.6826,
            "last": 0.7906
        },
        "val_f1_macro": {
            "min": 0.6785833042450686,
            "max": 0.7908653261597538,
            "mean": 0.7529344693458839,
            "first": 0.6785833042450686,
            "last": 0.7908653261597538
        },
        "val_precision_macro": {
            "min": 0.7199086706768247,
            "max": 0.7947583929244053,
            "mean": 0.7633680050006844
        },
        "val_recall_macro": {
            "min": 0.6826652826007351,
            "max": 0.7905207638752547,
            "mean": 0.7534062892682485
        },
        "gradient_norms": {
            "total_norm_min": 10.465508246168897,
            "total_norm_max": 22.714039935921992,
            "total_norm_mean": 15.705845260100148,
            "total_norm_std": 4.310134437348778,
            "per_param_mean_min": 0.8120545727649221,
            "per_param_mean_max": 1.6783313330400873,
            "per_param_max_min": 6.744181156158447,
            "per_param_max_max": 16.417858123779297
        },
        "timing": {
            "total_training_time_sec": 1385.744,
            "epoch_time_min": 261.649,
            "epoch_time_max": 284.762,
            "epoch_time_mean": 274.111,
            "epoch_time_std": 7.57
        },
        "system_utilization": {
            "cpu_percent_min": 78.7,
            "cpu_percent_max": 81.0,
            "cpu_percent_mean": 79.98,
            "cpu_mem_mb_min": 1062.27,
            "cpu_mem_mb_max": 1070.5,
            "cpu_mem_mb_mean": 1064.38,
            "gpu_mem_allocated_mb_min": 179.79,
            "gpu_mem_allocated_mb_max": 179.79,
            "gpu_mem_allocated_mb_mean": 179.79
        },
        "iteration_speed": {
            "min": 21.95,
            "max": 23.89,
            "mean": 22.82
        },
        "epochs_completed": 5,
        "nan_epochs": 0
    },
    "training_performance": {
        "total_training_time_sec": 1385.744,
        "avg_time_per_epoch_sec": 274.111,
        "min_epoch_time_sec": 261.649,
        "max_epoch_time_sec": 284.762,
        "avg_iteration_speed": 22.82
    },
    "training_stability": {
        "total_nan_events": 0,
        "nan_free_training": true,
        "convergence": {
            "final_train_loss": 0.5480862289470434,
            "final_val_loss": 0.5625210186064243,
            "best_val_loss": 0.5625210186064243,
            "best_val_loss_epoch": 5,
            "final_val_accuracy": 0.7906,
            "best_val_accuracy": 0.7906,
            "loss_decreased_monotonically": true,
            "overfit_detected": false,
            "final_loss_delta": 0.04155092987895015
        },
        "nan_crash_log": "none"
    },
    "epoch_history": [
        {
            "epoch": 1,
            "train_loss": 1.0143481917476653,
            "val_loss": 0.8139109817028045,
            "train_accuracy": 0.56166,
            "val_accuracy": 0.6826,
            "val_precision_macro": 0.7199086706768247,
            "val_recall_macro": 0.6826652826007351,
            "val_f1_macro": 0.6785833042450686,
            "learning_rate": 7.90506177077346e-06,
            "epoch_time_sec": 271.586,
            "iteration_speed": 23.01,
            "nan_detected": false,
            "grad_norm_mean": 1.312216047887449,
            "grad_norm_max": 12.896059036254883,
            "grad_norm_min": 0.058342017233371735,
            "grad_norm_total": 17.92637598725343,
            "cpu_percent": 78.7,
            "cpu_mem_mb": 1070.5,
            "gpu_name": "NVIDIA GeForce RTX 2080 Ti",
            "gpu_mem_allocated_mb": 179.79,
            "gpu_mem_reserved_mb": 396.0,
            "gpu_max_mem_allocated_mb": 304.32
        },
        {
            "epoch": 2,
            "train_loss": 0.7374882773816586,
            "val_loss": 0.6752522084951401,
            "train_accuracy": 0.71448,
            "val_accuracy": 0.7454,
            "val_precision_macro": 0.7466810623473888,
            "val_recall_macro": 0.7449541180486343,
            "val_f1_macro": 0.7449714085639747,
            "learning_rate": 5.589946350367238e-06,
            "epoch_time_sec": 284.762,
            "iteration_speed": 21.95,
            "nan_detected": false,
            "grad_norm_mean": 1.117521576859333,
            "grad_norm_max": 10.748311996459961,
            "grad_norm_min": 0.05658753961324692,
            "grad_norm_total": 15.020465801349083,
            "cpu_percent": 79.7,
            "cpu_mem_mb": 1063.68,
            "gpu_name": "NVIDIA GeForce RTX 2080 Ti",
            "gpu_mem_allocated_mb": 179.79,
            "gpu_mem_reserved_mb": 396.0,
            "gpu_max_mem_allocated_mb": 304.32
        },
        {
            "epoch": 3,
            "train_loss": 0.6468650902175903,
            "val_loss": 0.6231594354212284,
            "train_accuracy": 0.75454,
            "val_accuracy": 0.7686,
            "val_precision_macro": 0.770513263430194,
            "val_recall_macro": 0.7684264488953463,
            "val_f1_macro": 0.7686180543641319,
            "learning_rate": 4.564232934620923e-06,
            "epoch_time_sec": 275.283,
            "iteration_speed": 22.7,
            "nan_detected": false,
            "grad_norm_mean": 1.6783313330400873,
            "grad_norm_max": 16.417858123779297,
            "grad_norm_min": 0.08805548399686813,
            "grad_norm_total": 22.714039935921992,
            "cpu_percent": 81.0,
            "cpu_mem_mb": 1062.64,
            "gpu_name": "NVIDIA GeForce RTX 2080 Ti",
            "gpu_mem_allocated_mb": 179.79,
            "gpu_mem_reserved_mb": 396.0,
            "gpu_max_mem_allocated_mb": 304.32
        },
        {
            "epoch": 4,
            "train_loss": 0.5896371588259935,
            "val_loss": 0.589220576018095,
            "train_accuracy": 0.77932,
            "val_accuracy": 0.7806,